country_iso3,country_iso2,country_name,capital_city,latitude,longitude,region_id,region_name,income_level_id,income_level_name,lending_type_id,lending_type_name,hemisphere,is_high_income,income_level_rank
ABW,AW,Aruba,Oranjestad,12.5167,-70.0167,LCN,Latin America & Caribbean,HIC,High income,LNX,Not classified,Northern,True,4.0
AFG,AF,Afghanistan,Kabul,34.5228,69.1761,SAS,South Asia,LIC,Low income,IDX,IDA,Northern,False,1.0
AGO,AO,Angola,Luanda,-8.81155,13.242,SSF,Sub-Saharan Africa,LMC,Lower middle income,IBD,IBRD,Southern,False,2.0
ALB,AL,Albania,Tirane,41.3317,19.8172,ECS,Europe & Central Asia,UMC,Upper middle income,IBD,IBRD,Northern,False,3.0
AND,AD,Andorra,Andorra la Vella,42.5075,1.5218,ECS,Europe & Central Asia,HIC,High income,LNX,Not classified,Northern,True,4.0
ARE,AE,United Arab Emirates,Abu Dhabi,24.4764,54.3705,MEA,Middle East & North Africa,HIC,High income,LNX,Not classified,Northern,True,4.0
ARG,AR,Argentina,Buenos Aires,-34.6118,-58.4173,LCN,Latin America & Caribbean,UMC,Upper middle income,IBD,IBRD,Southern,False,3.0
ARM,AM,Armenia,Yerevan,40.1596,44.509,ECS,Europe & Central Asia,UMC,Upper middle income,IBD,IBRD,Northern,False,3.0
ASM,AS,American Samoa,Pago Pago,-14.2846,-170.691,EAS,East Asia & Pacific,HIC,High income,LNX,Not classified,Southern,True,4.0
ATG,AG,Antigua and Barbuda,Saint John's,17.1175,-61.8456,LCN,Latin America & Caribbean,HIC,High income,IBD,IBRD,Northern,True,4.0
AUS,AU,Australia,Canberra,-35.282,149.129,EAS,East Asia & Pacific,HIC,High income,LNX,Not classified,Southern,True,4.0
AUT,AT,Austria,Vienna,48.2201,16.3798,ECS,Europe & Central Asia,HIC,High income,LNX,Not classified,Northern,True,4.0
AZE,AZ,Azerbaijan,Baku,40.3834,49.8932,ECS,Europe & Central Asia,UMC,Upper middle income,IBD,IBRD,Northern,False,3.0
BDI,BI,Burundi,Bujumbura,-3.3784,29.3639,SSF,Sub-Saharan Africa,LIC,Low income,IDX,IDA,Southern,False,1.0
BEL,BE,Belgium,Brussels,50.8371,4.36761,ECS,Europe & Central Asia,HIC,High income,LNX,Not classified,Northern,True,4.0
BEN,BJ,Benin,Porto-Novo,6.4779,2.6323,SSF,Sub-Saharan Africa,LMC,Lower middle income,IDX,IDA,Northern,False,2.0
BFA,BF,Burkina Faso,Ouagadougou,12.3605,-1.53395,SSF,Sub-Saharan Africa,LIC,Low income,IDX,IDA,Northern,False,1.0
BGD,BD,Bangladesh,Dhaka,23.7055,90.4113,SAS,South Asia,LMC,Lower middle income,IDX,IDA,Northern,False,2.0
BGR,BG,Bulgaria,Sofia,42.7105,23.3238,ECS,Europe & Central Asia,UMC,Upper middle income,IBD,IBRD,Northern,False,3.0
BHR,BH,Bahrain,Manama,26.1921,50.5354,MEA,Middle East & North Africa,HIC,High income,LNX,Not classified,Northern,True,4.0
BHS,BS,"Bahamas, The",Nassau,25.0661,-77.339,LCN,Latin America & Caribbean,HIC,High income,LNX,Not classified,Northern,True,4.0
BIH,BA,Bosnia and Herzegovina,Sarajevo,43.8607,18.4214,ECS,Europe & Central Asia,UMC,Upper middle income,IBD,IBRD,Northern,False,3.0
BLR,BY,Belarus,Minsk,53.9678,27.5766,ECS,Europe & Central Asia,UMC,Upper middle income,IBD,IBRD,Northern,False,3.0
BLZ,BZ,Belize,Belmopan,17.2534,-88.7713,LCN,Latin America & Caribbean,UMC,Upper middle income,IBD,IBRD,Northern,False,3.0
BMU,BM,Bermuda,Hamilton,32.3293,-64.706,NAC,North America,HIC,High income,LNX,Not classified,Northern,True,4.0
BOL,BO,Bolivia,La Paz,-13.9908,-66.1936,LCN,Latin America & Caribbean,LMC,Lower middle income,IBD,IBRD,Southern,False,2.0
BRA,BR,Brazil,Brasilia,-15.7801,-47.9292,LCN,Latin America & Caribbean,UMC,Upper middle income,IBD,IBRD,Southern,False,3.0
BRB,BB,Barbados,Bridgetown,13.0935,-59.6105,LCN,Latin America & Caribbean,HIC,High income,LNX,Not classified,Northern,True,4.0
BRN,BN,Brunei Darussalam,Bandar Seri Begawan,4.94199,114.946,EAS,East Asia & Pacific,HIC,High income,LNX,Not classified,Northern,True,4.0
BTN,BT,Bhutan,Thimphu,27.5768,89.6177,SAS,South Asia,LMC,Lower middle income,IDX,IDA,Northern,False,2.0
BWA,BW,Botswana,Gaborone,-24.6544,25.9201,SSF,Sub-Saharan Africa,UMC,Upper middle income,IBD,IBRD,Southern,False,3.0
CAF,CF,Central African Republic,Bangui,5.63056,21.6407,SSF,Sub-Saharan Africa,LIC,Low income,IDX,IDA,Northern,False,1.0
CAN,CA,Canada,Ottawa,45.4215,-75.6919,NAC,North America,HIC,High income,LNX,Not classified,Northern,True,4.0
CHE,CH,Switzerland,Bern,46.948,7.44821,ECS,Europe & Central Asia,HIC,High income,LNX,Not classified,Northern,True,4.0
CHI,JG,Channel Islands,,,,ECS,Europe & Central Asia,HIC,High income,LNX,Not classified,Unknown,True,4.0
CHL,CL,Chile,Santiago,-33.475,-70.6475,LCN,Latin America & Caribbean,HIC,High income,IBD,IBRD,Southern,True,4.0
CHN,CN,China,Beijing,40.0495,116.286,EAS,East Asia & Pacific,UMC,Upper middle income,IBD,IBRD,Northern,False,3.0
CIV,CI,Cote d'Ivoire,Yamoussoukro,5.332,-4.0305,SSF,Sub-Saharan Africa,LMC,Lower middle income,IDX,IDA,Northern,False,2.0
CMR,CM,Cameroon,Yaounde,3.8721,11.5174,SSF,Sub-Saharan Africa,LMC,Lower middle income,IDB,Blend,Northern,False,2.0
COD,CD,"Congo, Dem. Rep.",Kinshasa,-4.325,15.3222,SSF,Sub-Saharan Africa,LIC,Low income,IDX,IDA,Southern,False,1.0
COG,CG,"Congo, Rep.",Brazzaville,-4.2767,15.2662,SSF,Sub-Saharan Africa,LMC,Lower middle income,IDB,Blend,Southern,False,2.0
COL,CO,Colombia,Bogota,4.60987,-74.082,LCN,Latin America & Caribbean,UMC,Upper middle income,IBD,IBRD,Northern,False,3.0
COM,KM,Comoros,Moroni,-11.6986,43.2418,SSF,Sub-Saharan Africa,LMC,Lower middle income,IDX,IDA,Southern,False,2.0
CPV,CV,Cabo Verde,Praia,14.9218,-23.5087,SSF,Sub-Saharan Africa,LMC,Lower middle income,IDB,Blend,Northern,False,2.0
CRI,CR,Costa Rica,San Jose,9.63701,-84.0089,LCN,Latin America & Caribbean,UMC,Upper middle income,IBD,IBRD,Northern,False,3.0
CUB,CU,Cuba,Havana,23.1333,-82.3667,LCN,Latin America & Caribbean,UMC,Upper middle income,LNX,Not classified,Northern,False,3.0
CUW,CW,Curacao,Willemstad,,,LCN,Latin America & Caribbean,HIC,High income,LNX,Not classified,Unknown,True,4.0
CYM,KY,Cayman Islands,George Town,19.3022,-81.3857,LCN,Latin America & Caribbean,HIC,High income,LNX,Not classified,Northern,True,4.0
CYP,CY,Cyprus,Nicosia,35.1676,33.3736,ECS,Europe & Central Asia,HIC,High income,LNX,Not classified,Northern,True,4.0
CZE,CZ,Czechia,Prague,50.0878,14.4205,ECS,Europe & Central Asia,HIC,High income,LNX,Not classified,Northern,True,4.0
DEU,DE,Germany,Berlin,52.5235,13.4115,ECS,Europe & Central Asia,HIC,High income,LNX,Not classified,Northern,True,4.0
DJI,DJ,Djibouti,Djibouti,11.5806,43.1425,MEA,Middle East & North Africa,LMC,Lower middle income,IDX,IDA,Northern,False,2.0
DMA,DM,Dominica,Roseau,15.2976,-61.39,LCN,Latin America & Caribbean,UMC,Upper middle income,IDB,Blend,Northern,False,3.0
DNK,DK,Denmark,Copenhagen,55.6763,12.5681,ECS,Europe & Central Asia,HIC,High income,LNX,Not classified,Northern,True,4.0
DOM,DO,Dominican Republic,Santo Domingo,18.479,-69.8908,LCN,Latin America & Caribbean,UMC,Upper middle income,IBD,IBRD,Northern,False,3.0
DZA,DZ,Algeria,Algiers,36.7397,3.05097,MEA,Middle East & North Africa,LMC,Lower middle income,IBD,IBRD,Northern,False,2.0
ECU,EC,Ecuador,Quito,-0.229498,-78.5243,LCN,Latin America & Caribbean,UMC,Upper middle income,IBD,IBRD,Southern,False,3.0
EGY,EG,"Egypt, Arab Rep.",Cairo,30.0982,31.2461,MEA,Middle East & North Africa,LMC,Lower middle income,IBD,IBRD,Northern,False,2.0
ERI,ER,Eritrea,Asmara,15.3315,38.9183,SSF,Sub-Saharan Africa,LIC,Low income,IDX,IDA,Northern,False,1.0
ESP,ES,Spain,Madrid,40.4167,-3.70327,ECS,Europe & Central Asia,HIC,High income,LNX,Not classified,Northern,True,4.0
EST,EE,Estonia,Tallinn,59.4392,24.7586,ECS,Europe & Central Asia,HIC,High income,LNX,Not classified,Northern,True,4.0
ETH,ET,Ethiopia,Addis Ababa,9.02274,38.7468,SSF,Sub-Saharan Africa,LIC,Low income,IDX,IDA,Northern,False,1.0
FIN,FI,Finland,Helsinki,60.1608,24.9525,ECS,Europe & Central Asia,HIC,High income,LNX,Not classified,Northern,True,4.0
FJI,FJ,Fiji,Suva,-18.1149,178.399,EAS,East Asia & Pacific,UMC,Upper middle income,IDB,Blend,Southern,False,3.0
FRA,FR,France,Paris,48.8566,2.35097,ECS,Europe & Central Asia,HIC,High income,LNX,Not classified,Northern,True,4.0
FRO,FO,Faroe Islands,Torshavn,61.8926,-6.91181,ECS,Europe & Central Asia,HIC,High income,LNX,Not classified,Northern,True,4.0
FSM,FM,"Micronesia, Fed. Sts.",Palikir,6.91771,158.185,EAS,East Asia & Pacific,LMC,Lower middle income,IDX,IDA,Northern,False,2.0
GAB,GA,Gabon,Libreville,0.38832,9.45162,SSF,Sub-Saharan Africa,UMC,Upper middle income,IBD,IBRD,Northern,False,3.0
GBR,GB,United Kingdom,London,51.5002,-0.126236,ECS,Europe & Central Asia,HIC,High income,LNX,Not classified,Northern,True,4.0
GEO,GE,Georgia,Tbilisi,41.71,44.793,ECS,Europe & Central Asia,UMC,Upper middle income,IBD,IBRD,Northern,False,3.0
GHA,GH,Ghana,Accra,5.57045,-0.20795,SSF,Sub-Saharan Africa,LMC,Lower middle income,IDX,IDA,Northern,False,2.0
GIB,GI,Gibraltar,,,,ECS,Europe & Central Asia,HIC,High income,LNX,Not classified,Unknown,True,4.0
GIN,GN,Guinea,Conakry,9.51667,-13.7,SSF,Sub-Saharan Africa,LMC,Lower middle income,IDX,IDA,Northern,False,2.0
GMB,GM,"Gambia, The",Banjul,13.4495,-16.5885,SSF,Sub-Saharan Africa,LIC,Low income,IDX,IDA,Northern,False,1.0
GNB,GW,Guinea-Bissau,Bissau,11.8037,-15.1804,SSF,Sub-Saharan Africa,LIC,Low income,IDX,IDA,Northern,False,1.0
GNQ,GQ,Equatorial Guinea,Malabo,3.7523,8.7741,SSF,Sub-Saharan Africa,UMC,Upper middle income,IBD,IBRD,Northern,False,3.0
GRC,GR,Greece,Athens,37.9792,23.7166,ECS,Europe & Central Asia,HIC,High income,LNX,Not classified,Northern,True,4.0
GRD,GD,Grenada,Saint George's,12.0653,-61.7449,LCN,Latin America & Caribbean,UMC,Upper middle income,IDB,Blend,Northern,False,3.0
GRL,GL,Greenland,Nuuk,64.1836,-51.7214,ECS,Europe & Central Asia,HIC,High income,LNX,Not classified,Northern,True,4.0
GTM,GT,Guatemala,Guatemala City,14.6248,-90.5328,LCN,Latin America & Caribbean,UMC,Upper middle income,IBD,IBRD,Northern,False,3.0
GUM,GU,Guam,Agana,13.4443,144.794,EAS,East Asia & Pacific,HIC,High income,LNX,Not classified,Northern,True,4.0
GUY,GY,Guyana,Georgetown,6.80461,-58.1548,LCN,Latin America & Caribbean,HIC,High income,IDX,IDA,Northern,True,4.0
HKG,HK,"Hong Kong SAR, China",,22.3964,114.109,EAS,East Asia & Pacific,HIC,High income,LNX,Not classified,Northern,True,4.0
HND,HN,Honduras,Tegucigalpa,15.1333,-87.4667,LCN,Latin America & Caribbean,LMC,Lower middle income,IDX,IDA,Northern,False,2.0
HRV,HR,Croatia,Zagreb,45.8069,15.9614,ECS,Europe & Central Asia,HIC,High income,IBD,IBRD,Northern,True,4.0
HTI,HT,Haiti,Port-au-Prince,18.5392,-72.3288,LCN,Latin America & Caribbean,LMC,Lower middle income,IDX,IDA,Northern,False,2.0
HUN,HU,Hungary,Budapest,47.4984,19.0408,ECS,Europe & Central Asia,HIC,High income,LNX,Not classified,Northern,True,4.0
IDN,ID,Indonesia,Jakarta,-6.19752,106.83,EAS,East Asia & Pacific,UMC,Upper middle income,IBD,IBRD,Southern,False,3.0
IMN,IM,Isle of Man,Douglas,54.1509,-4.47928,ECS,Europe & Central Asia,HIC,High income,LNX,Not classified,Northern,True,4.0
IND,IN,India,New Delhi,28.6353,77.225,SAS,South Asia,LMC,Lower middle income,IBD,IBRD,Northern,False,2.0
IRL,IE,Ireland,Dublin,53.3441,-6.26749,ECS,Europe & Central Asia,HIC,High income,LNX,Not classified,Northern,True,4.0
IRN,IR,"Iran, Islamic Rep.",Tehran,35.6878,51.4447,MEA,Middle East & North Africa,LMC,Lower middle income,IBD,IBRD,Northern,False,2.0
IRQ,IQ,Iraq,Baghdad,33.3302,44.394,MEA,Middle East & North Africa,UMC,Upper middle income,IBD,IBRD,Northern,False,3.0
ISL,IS,Iceland,Reykjavik,64.1353,-21.8952,ECS,Europe & Central Asia,HIC,High income,LNX,Not classified,Northern,True,4.0
ISR,IL,Israel,,31.7717,35.2035,MEA,Middle East & North Africa,HIC,High income,LNX,Not classified,Northern,True,4.0
ITA,IT,Italy,Rome,41.8955,12.4823,ECS,Europe & Central Asia,HIC,High income,LNX,Not classified,Northern,True,4.0
JAM,JM,Jamaica,Kingston,17.9927,-76.792,LCN,Latin America & Caribbean,UMC,Upper middle income,IBD,IBRD,Northern,False,3.0
JOR,JO,Jordan,Amman,31.9497,35.9263,MEA,Middle East & North Africa,LMC,Lower middle income,IBD,IBRD,Northern,False,2.0
JPN,JP,Japan,Tokyo,35.67,139.77,EAS,East Asia & Pacific,HIC,High income,LNX,Not classified,Northern,True,4.0
KAZ,KZ,Kazakhstan,Astana,51.1879,71.4382,ECS,Europe & Central Asia,UMC,Upper middle income,IBD,IBRD,Northern,False,3.0
KEN,KE,Kenya,Nairobi,-1.27975,36.8126,SSF,Sub-Saharan Africa,LMC,Lower middle income,IDB,Blend,Southern,False,2.0
KGZ,KG,Kyrgyz Republic,Bishkek,42.8851,74.6057,ECS,Europe & Central Asia,LMC,Lower middle income,IDX,IDA,Northern,False,2.0
KHM,KH,Cambodia,Phnom Penh,11.5556,104.874,EAS,East Asia & Pacific,LMC,Lower middle income,IDX,IDA,Northern,False,2.0
KIR,KI,Kiribati,Tarawa,1.32905,172.979,EAS,East Asia & Pacific,LMC,Lower middle income,IDX,IDA,Northern,False,2.0
KNA,KN,St. Kitts and Nevis,Basseterre,17.3,-62.7309,LCN,Latin America & Caribbean,HIC,High income,IBD,IBRD,Northern,True,4.0
KOR,KR,"Korea, Rep.",Seoul,37.5323,126.957,EAS,East Asia & Pacific,HIC,High income,LNX,Not classified,Northern,True,4.0
KWT,KW,Kuwait,Kuwait City,29.3721,47.9824,MEA,Middle East & North Africa,HIC,High income,LNX,Not classified,Northern,True,4.0
LAO,LA,Lao PDR,Vientiane,18.5826,102.177,EAS,East Asia & Pacific,LMC,Lower middle income,IDX,IDA,Northern,False,2.0
LBN,LB,Lebanon,Beirut,33.8872,35.5134,MEA,Middle East & North Africa,LMC,Lower middle income,IBD,IBRD,Northern,False,2.0
LBR,LR,Liberia,Monrovia,6.30039,-10.7957,SSF,Sub-Saharan Africa,LIC,Low income,IDX,IDA,Northern,False,1.0
LBY,LY,Libya,Tripoli,32.8578,13.1072,MEA,Middle East & North Africa,UMC,Upper middle income,IBD,IBRD,Northern,False,3.0
LCA,LC,St. Lucia,Castries,14.0,-60.9832,LCN,Latin America & Caribbean,UMC,Upper middle income,IDB,Blend,Northern,False,3.0
LIE,LI,Liechtenstein,Vaduz,47.1411,9.52148,ECS,Europe & Central Asia,HIC,High income,LNX,Not classified,Northern,True,4.0
LKA,LK,Sri Lanka,Colombo,6.92148,79.8528,SAS,South Asia,LMC,Lower middle income,IDX,IDA,Northern,False,2.0
LSO,LS,Lesotho,Maseru,-29.5208,27.7167,SSF,Sub-Saharan Africa,LMC,Lower middle income,IDX,IDA,Southern,False,2.0
LTU,LT,Lithuania,Vilnius,54.6896,25.2799,ECS,Europe & Central Asia,HIC,High income,LNX,Not classified,Northern,True,4.0
LUX,LU,Luxembourg,Luxembourg,49.61,6.1296,ECS,Europe & Central Asia,HIC,High income,LNX,Not classified,Northern,True,4.0
LVA,LV,Latvia,Riga,56.9465,24.1048,ECS,Europe & Central Asia,HIC,High income,LNX,Not classified,Northern,True,4.0
MAC,MO,"Macao SAR, China",,22.1667,113.55,EAS,East Asia & Pacific,HIC,High income,LNX,Not classified,Northern,True,4.0
MAF,MF,St. Martin (French part),Marigot,,,LCN,Latin America & Caribbean,HIC,High income,LNX,Not classified,Unknown,True,4.0
MAR,MA,Morocco,Rabat,33.9905,-6.8704,MEA,Middle East & North Africa,LMC,Lower middle income,IBD,IBRD,Northern,False,2.0
MCO,MC,Monaco,Monaco,43.7325,7.41891,ECS,Europe & Central Asia,HIC,High income,LNX,Not classified,Northern,True,4.0
MDA,MD,Moldova,Chisinau,47.0167,28.8497,ECS,Europe & Central Asia,UMC,Upper middle income,IBD,IBRD,Northern,False,3.0
MDG,MG,Madagascar,Antananarivo,-20.4667,45.7167,SSF,Sub-Saharan Africa,LIC,Low income,IDX,IDA,Southern,False,1.0
MDV,MV,Maldives,Male,4.1742,73.5109,SAS,South Asia,UMC,Upper middle income,IDX,IDA,Northern,False,3.0
MEX,MX,Mexico,Mexico City,19.427,-99.1276,LCN,Latin America & Caribbean,UMC,Upper middle income,IBD,IBRD,Northern,False,3.0
MHL,MH,Marshall Islands,Majuro,7.11046,171.135,EAS,East Asia & Pacific,UMC,Upper middle income,IDX,IDA,Northern,False,3.0
MKD,MK,North Macedonia,Skopje,42.0024,21.4361,ECS,Europe & Central Asia,UMC,Upper middle income,IBD,IBRD,Northern,False,3.0
MLI,ML,Mali,Bamako,13.5667,-7.50034,SSF,Sub-Saharan Africa,LIC,Low income,IDX,IDA,Northern,False,1.0
MLT,MT,Malta,Valletta,35.9042,14.5189,MEA,Middle East & North Africa,HIC,High income,LNX,Not classified,Northern,True,4.0
MMR,MM,Myanmar,Naypyidaw,21.914,95.9562,EAS,East Asia & Pacific,LMC,Lower middle income,IDX,IDA,Northern,False,2.0
MNE,ME,Montenegro,Podgorica,42.4602,19.2595,ECS,Europe & Central Asia,UMC,Upper middle income,IBD,IBRD,Northern,False,3.0
MNG,MN,Mongolia,Ulaanbaatar,47.9129,106.937,EAS,East Asia & Pacific,LMC,Lower middle income,IBD,IBRD,Northern,False,2.0
MNP,MP,Northern Mariana Islands,Saipan,15.1935,145.765,EAS,East Asia & Pacific,HIC,High income,LNX,Not classified,Northern,True,4.0
MOZ,MZ,Mozambique,Maputo,-25.9664,32.5713,SSF,Sub-Saharan Africa,LIC,Low income,IDX,IDA,Southern,False,1.0
MRT,MR,Mauritania,Nouakchott,18.2367,-15.9824,SSF,Sub-Saharan Africa,LMC,Lower middle income,IDX,IDA,Northern,False,2.0
MUS,MU,Mauritius,Port Louis,-20.1605,57.4977,SSF,Sub-Saharan Africa,UMC,Upper middle income,IBD,IBRD,Southern,False,3.0
MWI,MW,Malawi,Lilongwe,-13.9899,33.7703,SSF,Sub-Saharan Africa,LIC,Low income,IDX,IDA,Southern,False,1.0
MYS,MY,Malaysia,Kuala Lumpur,3.12433,101.684,EAS,East Asia & Pacific,UMC,Upper middle income,IBD,IBRD,Northern,False,3.0
NAM,,Namibia,Windhoek,-22.5648,17.0931,SSF,Sub-Saharan Africa,UMC,Upper middle income,IBD,IBRD,Southern,False,3.0
NCL,NC,New Caledonia,Noum'ea,-22.2677,166.464,EAS,East Asia & Pacific,HIC,High income,LNX,Not classified,Southern,True,4.0
NER,NE,Niger,Niamey,13.514,2.1073,SSF,Sub-Saharan Africa,LIC,Low income,IDX,IDA,Northern,False,1.0
NGA,NG,Nigeria,Abuja,9.05804,7.48906,SSF,Sub-Saharan Africa,LMC,Lower middle income,IDB,Blend,Northern,False,2.0
NIC,NI,Nicaragua,Managua,12.1475,-86.2734,LCN,Latin America & Caribbean,LMC,Lower middle income,IDX,IDA,Northern,False,2.0
NLD,NL,Netherlands,Amsterdam,52.3738,4.89095,ECS,Europe & Central Asia,HIC,High income,LNX,Not classified,Northern,True,4.0
NOR,NO,Norway,Oslo,59.9138,10.7387,ECS,Europe & Central Asia,HIC,High income,LNX,Not classified,Northern,True,4.0
NPL,NP,Nepal,Kathmandu,27.6939,85.3157,SAS,South Asia,LMC,Lower middle income,IDX,IDA,Northern,False,2.0
NRU,NR,Nauru,Yaren District,-0.5477,166.920867,EAS,East Asia & Pacific,HIC,High income,IBD,IBRD,Southern,True,4.0
NZL,NZ,New Zealand,Wellington,-41.2865,174.776,EAS,East Asia & Pacific,HIC,High income,LNX,Not classified,Southern,True,4.0
OMN,OM,Oman,Muscat,23.6105,58.5874,MEA,Middle East & North Africa,HIC,High income,LNX,Not classified,Northern,True,4.0
PAK,PK,Pakistan,Islamabad,30.5167,72.8,SAS,South Asia,LMC,Lower middle income,IDB,Blend,Northern,False,2.0
PAN,PA,Panama,Panama City,8.99427,-79.5188,LCN,Latin America & Caribbean,HIC,High income,IBD,IBRD,Northern,True,4.0
PER,PE,Peru,Lima,-12.0931,-77.0465,LCN,Latin America & Caribbean,UMC,Upper middle income,IBD,IBRD,Southern,False,3.0
PHL,PH,Philippines,Manila,14.5515,121.035,EAS,East Asia & Pacific,LMC,Lower middle income,IBD,IBRD,Northern,False,2.0
PLW,PW,Palau,Koror,7.34194,134.479,EAS,East Asia & Pacific,UMC,Upper middle income,IBD,IBRD,Northern,False,3.0
PNG,PG,Papua New Guinea,Port Moresby,-9.47357,147.194,EAS,East Asia & Pacific,LMC,Lower middle income,IDB,Blend,Southern,False,2.0
POL,PL,Poland,Warsaw,52.26,21.02,ECS,Europe & Central Asia,HIC,High income,IBD,IBRD,Northern,True,4.0
PRI,PR,Puerto Rico,San Juan,18.23,-66.0,LCN,Latin America & Caribbean,HIC,High income,LNX,Not classified,Northern,True,4.0
PRK,KP,"Korea, Dem. People's Rep.",Pyongyang,39.0319,125.754,EAS,East Asia & Pacific,LIC,Low income,LNX,Not classified,Northern,False,1.0
PRT,PT,Portugal,Lisbon,38.7072,-9.13552,ECS,Europe & Central Asia,HIC,High income,LNX,Not classified,Northern,True,4.0
PRY,PY,Paraguay,Asuncion,-25.3005,-57.6362,LCN,Latin America & Caribbean,UMC,Upper middle income,IBD,IBRD,Southern,False,3.0
PSE,PS,West Bank and Gaza,,,,MEA,Middle East & North Africa,UMC,Upper middle income,LNX,Not classified,Unknown,False,3.0
PYF,PF,French Polynesia,Papeete,-17.535,-149.57,EAS,East Asia & Pacific,HIC,High income,LNX,Not classified,Southern,True,4.0
QAT,QA,Qatar,Doha,25.2948,51.5082,MEA,Middle East & North Africa,HIC,High income,LNX,Not classified,Northern,True,4.0
ROU,RO,Romania,Bucharest,44.4479,26.0979,ECS,Europe & Central Asia,HIC,High income,IBD,IBRD,Northern,True,4.0
RUS,RU,Russian Federation,Moscow,55.7558,37.6176,ECS,Europe & Central Asia,UMC,Upper middle income,IBD,IBRD,Northern,False,3.0
RWA,RW,Rwanda,Kigali,-1.95325,30.0587,SSF,Sub-Saharan Africa,LIC,Low income,IDX,IDA,Southern,False,1.0
SAU,SA,Saudi Arabia,Riyadh,24.6748,46.6977,MEA,Middle East & North Africa,HIC,High income,LNX,Not classified,Northern,True,4.0
SDN,SD,Sudan,Khartoum,15.5932,32.5363,SSF,Sub-Saharan Africa,LIC,Low income,IDX,IDA,Northern,False,1.0
SEN,SN,Senegal,Dakar,14.7247,-17.4734,SSF,Sub-Saharan Africa,LMC,Lower middle income,IDX,IDA,Northern,False,2.0
SGP,SG,Singapore,Singapore,1.28941,103.85,EAS,East Asia & Pacific,HIC,High income,LNX,Not classified,Northern,True,4.0
SLB,SB,Solomon Islands,Honiara,-9.42676,159.949,EAS,East Asia & Pacific,LMC,Lower middle income,IDX,IDA,Southern,False,2.0
SLE,SL,Sierra Leone,Freetown,8.4821,-13.2134,SSF,Sub-Saharan Africa,LIC,Low income,IDX,IDA,Northern,False,1.0
SLV,SV,El Salvador,San Salvador,13.7034,-89.2073,LCN,Latin America & Caribbean,UMC,Upper middle income,IBD,IBRD,Northern,False,3.0
SMR,SM,San Marino,San Marino,43.9322,12.4486,ECS,Europe & Central Asia,HIC,High income,LNX,Not classified,Northern,True,4.0
SOM,SO,Somalia,Mogadishu,2.07515,45.3254,SSF,Sub-Saharan Africa,LIC,Low income,IDX,IDA,Northern,False,1.0
SRB,RS,Serbia,Belgrade,44.8024,20.4656,ECS,Europe & Central Asia,UMC,Upper middle income,IBD,IBRD,Northern,False,3.0
SSD,SS,South Sudan,Juba,4.85,31.6,SSF,Sub-Saharan Africa,LIC,Low income,IDX,IDA,Northern,False,1.0
STP,ST,Sao Tome and Principe,Sao Tome,0.20618,6.6071,SSF,Sub-Saharan Africa,LMC,Lower middle income,IDX,IDA,Northern,False,2.0
SUR,SR,Suriname,Paramaribo,5.8232,-55.1679,LCN,Latin America & Caribbean,UMC,Upper middle income,IBD,IBRD,Northern,False,3.0
SVK,SK,Slovak Republic,Bratislava,48.1484,17.1073,ECS,Europe & Central Asia,HIC,High income,LNX,Not classified,Northern,True,4.0
SVN,SI,Slovenia,Ljubljana,46.0546,14.5044,ECS,Europe & Central Asia,HIC,High income,LNX,Not classified,Northern,True,4.0
SWE,SE,Sweden,Stockholm,59.3327,18.0645,ECS,Europe & Central Asia,HIC,High income,LNX,Not classified,Northern,True,4.0
SWZ,SZ,Eswatini,Mbabane,-26.5225,31.4659,SSF,Sub-Saharan Africa,LMC,Lower middle income,IBD,IBRD,Southern,False,2.0
SXM,SX,Sint Maarten (Dutch part),Philipsburg,,,LCN,Latin America & Caribbean,HIC,High income,LNX,Not classified,Unknown,True,4.0
SYC,SC,Seychelles,Victoria,-4.6309,55.4466,SSF,Sub-Saharan Africa,HIC,High income,IBD,IBRD,Southern,True,4.0
SYR,SY,Syrian Arab Republic,Damascus,33.5146,36.3119,MEA,Middle East & North Africa,LIC,Low income,IDX,IDA,Northern,False,1.0
TCA,TC,Turks and Caicos Islands,Grand Turk,21.4602778,-71.141389,LCN,Latin America & Caribbean,HIC,High income,LNX,Not classified,Northern,True,4.0
TCD,TD,Chad,N'Djamena,12.1048,15.0445,SSF,Sub-Saharan Africa,LIC,Low income,IDX,IDA,Northern,False,1.0
TGO,TG,Togo,Lome,6.1228,1.2255,SSF,Sub-Saharan Africa,LIC,Low income,IDX,IDA,Northern,False,1.0
THA,TH,Thailand,Bangkok,13.7308,100.521,EAS,East Asia & Pacific,UMC,Upper middle income,IBD,IBRD,Northern,False,3.0
TJK,TJ,Tajikistan,Dushanbe,38.5878,68.7864,ECS,Europe & Central Asia,LMC,Lower middle income,IDX,IDA,Northern,False,2.0
TKM,TM,Turkmenistan,Ashgabat,37.9509,58.3794,ECS,Europe & Central Asia,UMC,Upper middle income,IBD,IBRD,Northern,False,3.0
TLS,TL,Timor-Leste,Dili,-8.56667,125.567,EAS,East Asia & Pacific,LMC,Lower middle income,IDB,Blend,Southern,False,2.0
TON,TO,Tonga,Nuku'alofa,-21.136,-175.216,EAS,East Asia & Pacific,UMC,Upper middle income,IDX,IDA,Southern,False,3.0
TTO,TT,Trinidad and Tobago,Port-of-Spain,10.6596,-61.4789,LCN,Latin America & Caribbean,HIC,High income,IBD,IBRD,Northern,True,4.0
TUN,TN,Tunisia,Tunis,36.7899,10.21,MEA,Middle East & North Africa,LMC,Lower middle income,IBD,IBRD,Northern,False,2.0
TUR,TR,Turkiye,Ankara,39.7153,32.3606,ECS,Europe & Central Asia,UMC,Upper middle income,IBD,IBRD,Northern,False,3.0
TUV,TV,Tuvalu,Funafuti,-8.6314877,179.089567,EAS,East Asia & Pacific,UMC,Upper middle income,IDX,IDA,Southern,False,3.0
TZA,TZ,Tanzania,Dodoma,-6.17486,35.7382,SSF,Sub-Saharan Africa,LMC,Lower middle income,IDX,IDA,Southern,False,2.0
UGA,UG,Uganda,Kampala,0.314269,32.5729,SSF,Sub-Saharan Africa,LIC,Low income,IDX,IDA,Northern,False,1.0
UKR,UA,Ukraine,Kiev,50.4536,30.5038,ECS,Europe & Central Asia,LMC,Lower middle income,IBD,IBRD,Northern,False,2.0
URY,UY,Uruguay,Montevideo,-34.8941,-56.0675,LCN,Latin America & Caribbean,HIC,High income,IBD,IBRD,Southern,True,4.0
USA,US,United States,Washington D.C.,38.8895,-77.032,NAC,North America,HIC,High income,LNX,Not classified,Northern,True,4.0
UZB,UZ,Uzbekistan,Tashkent,41.3052,69.269,ECS,Europe & Central Asia,LMC,Lower middle income,IDB,Blend,Northern,False,2.0
VCT,VC,St. Vincent and the Grenadines,Kingstown,13.2035,-61.2653,LCN,Latin America & Caribbean,UMC,Upper middle income,IDB,Blend,Northern,False,3.0
VEN,VE,"Venezuela, RB",Caracas,9.08165,-69.8371,LCN,Latin America & Caribbean,INX,Not classified,IBD,IBRD,Northern,False,
VGB,VG,British Virgin Islands,Road Town,18.431389,-64.623056,LCN,Latin America & Caribbean,HIC,High income,LNX,Not classified,Northern,True,4.0
VIR,VI,Virgin Islands (U.S.),Charlotte Amalie,18.3358,-64.8963,LCN,Latin America & Caribbean,HIC,High income,LNX,Not classified,Northern,True,4.0
VNM,VN,Viet Nam,Hanoi,21.0069,105.825,EAS,East Asia & Pacific,LMC,Lower middle income,IBD,IBRD,Northern,False,2.0
VUT,VU,Vanuatu,Port-Vila,-17.7404,168.321,EAS,East Asia & Pacific,LMC,Lower middle income,IDX,IDA,Southern,False,2.0
WSM,WS,Samoa,Apia,-13.8314,-171.752,EAS,East Asia & Pacific,LMC,Lower middle income,IDX,IDA,Southern,False,2.0
XKX,XK,Kosovo,Pristina,42.565,20.926,ECS,Europe & Central Asia,UMC,Upper middle income,IDX,IDA,Northern,False,3.0
YEM,YE,"Yemen, Rep.",Sana'a,15.352,44.2075,MEA,Middle East & North Africa,LIC,Low income,IDX,IDA,Northern,False,1.0
ZAF,ZA,South Africa,Pretoria,-25.746,28.1871,SSF,Sub-Saharan Africa,UMC,Upper middle income,IBD,IBRD,Southern,False,3.0
ZMB,ZM,Zambia,Lusaka,-15.3982,28.2937,SSF,Sub-Saharan Africa,LMC,Lower middle income,IDX,IDA,Southern,False,2.0
ZWE,ZW,Zimbabwe,Harare,-17.8312,31.0672,SSF,Sub-Saharan Africa,LMC,Lower middle income,IDB,Blend,Southern,False,2.0
AIA,,Anguilla,,,,,Latin America & Caribbean,,,,,Unknown,False,
ATA,,Antarctica,,,,,Not classified,,,,,Unknown,False,
ATF,,French Southern Territories,,,,,Not classified,,,,,Unknown,False,
BES,,"Bonaire, Sint Eustatius and Saba",,,,,Latin America & Caribbean,,,,,Unknown,False,
BVT,,Bouvet Island,,,,,Not classified,,,,,Unknown,False,
CCK,,Cocos (Keeling) Islands,,,,,East Asia & Pacific,,,,,Unknown,False,
CXR,,Christmas Island,,,,,East Asia & Pacific,,,,,Unknown,False,
EUE,,Europe (unclassified),,,,,Not classified,,,,,Unknown,False,
FLK,,Falkland Islands,,,,,Latin America & Caribbean,,,,,Unknown,False,
GLP,,Guadeloupe,,,,,Latin America & Caribbean,,,,,Unknown,False,
GUF,,French Guiana,,,,,Latin America & Caribbean,,,,,Unknown,False,
IOT,,British Indian Ocean Territory,,,,,South Asia,,,,,Unknown,False,
JEY,,Jersey,,,,,Europe & Central Asia,,,,,Unknown,False,
MSR,,Montserrat,,,,,Latin America & Caribbean,,,,,Unknown,False,
MTQ,,Martinique,,,,,Latin America & Caribbean,,,,,Unknown,False,
NFK,,Norfolk Island,,,,,East Asia & Pacific,,,,,Unknown,False,
NIU,,Niue,,,,,East Asia & Pacific,,,,,Unknown,False,
REU,,Réunion,,,,,Sub-Saharan Africa,,,,,Unknown,False,
SGS,,South Georgia and South Sandwich Islands,,,,,Not classified,,,,,Unknown,False,
SHN,,Saint Helena,,,,,Sub-Saharan Africa,,,,,Unknown,False,
SJM,,Svalbard and Jan Mayen,,,,,Europe & Central Asia,,,,,Unknown,False,
SPM,,Saint Pierre and Miquelon,,,,,North America,,,,,Unknown,False,
TKL,,Tokelau,,,,,East Asia & Pacific,,,,,Unknown,False,
TWN,,Taiwan,,,,,East Asia & Pacific,,,,,Unknown,False,
VAT,,Holy See (Vatican),,,,,Europe & Central Asia,,,,,Unknown,False,
WLF,,Wallis and Futuna,,,,,East Asia & Pacific,,,,,Unknown,False,
